{
  "config": {
    "dataset": "cora",
    "model": "gcn",
    "heuristic": "cn",
    "hidden_channels": 128,
    "out_channels": 64,
    "num_layers": 2,
    "heads": 4,
    "dropout": 0.5,
    "decoder": "inner_product",
    "lr": 0.01,
    "epochs": 300,
    "eval_every": 10,
    "neg_ratio": 1,
    "seed": 7,
    "data_root": "data",
    "save_dir": "results/ablation",
    "checkpoint_dir": "checkpoints",
    "log_dir": "logs",
    "precomputed_dir": "data/precomputed",
    "adaptive": false,
    "fixed_phase_epochs": 75,
    "competence_window": 5,
    "curriculum_preset": "hard_from_start",
    "experiment_condition": "abl-2",
    "heart": true,
    "heart_heuristic": [],
    "num_neg_per_pos": 100,
    "no_tensorboard": false
  },
  "condition": "abl-2",
  "standard": {
    "auc": 0.9054365946660233,
    "ap": 0.9009572583794775,
    "mrr": 0.16359575331852788,
    "hits@10": 0.018975332068311195,
    "hits@50": 0.09297912713472485,
    "hits@100": 0.1840607210626186
  },
  "heart": {
    "heart_mrr": 0.3734491298009398,
    "heart_hits@10": 0.6641366223908919,
    "heart_hits@50": 0.9734345351043643,
    "heart_hits@100": 1.0
  },
  "phase_history": [
    {
      "epoch": 0,
      "phase_name": "hard_focus"
    }
  ],
  "phase_summary": {
    "current_phase": 0,
    "phase_name": "hard_focus",
    "phase_history": [
      {
        "epoch": 0,
        "phase_name": "hard_focus"
      }
    ],
    "competence": 0.7870491115962353,
    "adaptive": false
  },
  "last_val_metrics": {
    "auc": 0.7874047622489844,
    "ap": 0.7757798500385251,
    "mrr": 0.10103725574984909,
    "hits@10": 0.034220532319391636,
    "hits@50": 0.16730038022813687,
    "hits@100": 0.311787072243346
  },
  "final_loss": 0.024667682126164436,
  "training_time_seconds": 4.46,
  "bucket_sizes": {
    "easy": 1408,
    "medium": 1408,
    "hard": 1408
  }
}