{
  "config": {
    "dataset": "cora",
    "model": "gcn",
    "heuristic": "cn",
    "hidden_channels": 128,
    "out_channels": 64,
    "num_layers": 2,
    "heads": 4,
    "dropout": 0.5,
    "decoder": "inner_product",
    "lr": 0.01,
    "epochs": 300,
    "eval_every": 10,
    "neg_ratio": 1,
    "seed": 6,
    "data_root": "data",
    "save_dir": "results/ablation",
    "checkpoint_dir": "checkpoints",
    "log_dir": "logs",
    "precomputed_dir": "data/precomputed",
    "adaptive": true,
    "fixed_phase_epochs": 75,
    "competence_window": 5,
    "curriculum_preset": "high_thresholds",
    "experiment_condition": "abl-11",
    "heart": true,
    "heart_heuristic": [],
    "num_neg_per_pos": 100,
    "no_tensorboard": false
  },
  "condition": "abl-11",
  "standard": {
    "auc": 0.9097897590816948,
    "ap": 0.915689314940141,
    "mrr": 0.257062777699784,
    "hits@10": 0.020872865275142316,
    "hits@50": 0.09487666034155598,
    "hits@100": 0.18785578747628084
  },
  "heart": {
    "heart_mrr": 0.3840624858568708,
    "heart_hits@10": 0.698292220113852,
    "heart_hits@50": 0.967741935483871,
    "heart_hits@100": 0.9981024667931688
  },
  "phase_history": [
    {
      "epoch": 0,
      "phase_name": "easy_only"
    },
    {
      "epoch": 10,
      "phase_name": "easy_medium"
    }
  ],
  "phase_summary": {
    "current_phase": 1,
    "phase_name": "easy_medium",
    "phase_history": [
      {
        "epoch": 0,
        "phase_name": "easy_only"
      },
      {
        "epoch": 10,
        "phase_name": "easy_medium"
      }
    ],
    "competence": 0.8298775462996428,
    "adaptive": true
  },
  "last_val_metrics": {
    "auc": 0.8256155214040972,
    "ap": 0.823405776123284,
    "mrr": 0.13501016088525966,
    "hits@10": 0.03802281368821293,
    "hits@50": 0.17110266159695817,
    "hits@100": 0.33460076045627374
  },
  "final_loss": 0.006600236985832453,
  "training_time_seconds": 4.54,
  "bucket_sizes": {
    "easy": 1408,
    "medium": 1408,
    "hard": 1408
  }
}