{
  "config": {
    "dataset": "cora",
    "model": "gcn",
    "heuristic": "cn",
    "hidden_channels": 128,
    "out_channels": 64,
    "num_layers": 2,
    "heads": 4,
    "dropout": 0.5,
    "decoder": "inner_product",
    "lr": 0.01,
    "epochs": 300,
    "eval_every": 10,
    "neg_ratio": 1,
    "seed": 7,
    "data_root": "data",
    "save_dir": "results/ablation",
    "checkpoint_dir": "checkpoints",
    "log_dir": "logs",
    "precomputed_dir": "data/precomputed",
    "adaptive": true,
    "fixed_phase_epochs": 75,
    "competence_window": 5,
    "curriculum_preset": "high_thresholds",
    "experiment_condition": "abl-11",
    "heart": true,
    "heart_heuristic": [],
    "num_neg_per_pos": 100,
    "no_tensorboard": false
  },
  "condition": "abl-11",
  "standard": {
    "auc": 0.9211425526322422,
    "ap": 0.9195219030261548,
    "mrr": 0.1969103168200399,
    "hits@10": 0.018975332068311195,
    "hits@50": 0.09297912713472485,
    "hits@100": 0.1859582542694497
  },
  "heart": {
    "heart_mrr": 0.4307438940302993,
    "heart_hits@10": 0.7362428842504743,
    "heart_hits@50": 0.9753320683111955,
    "heart_hits@100": 0.9981024667931688
  },
  "phase_history": [
    {
      "epoch": 0,
      "phase_name": "easy_only"
    },
    {
      "epoch": 10,
      "phase_name": "easy_medium"
    }
  ],
  "phase_summary": {
    "current_phase": 1,
    "phase_name": "easy_medium",
    "phase_history": [
      {
        "epoch": 0,
        "phase_name": "easy_only"
      },
      {
        "epoch": 10,
        "phase_name": "easy_medium"
      }
    ],
    "competence": 0.834318842255924,
    "adaptive": true
  },
  "last_val_metrics": {
    "auc": 0.8317598924373637,
    "ap": 0.8486971075196628,
    "mrr": 0.2016437457022887,
    "hits@10": 0.03802281368821293,
    "hits@50": 0.17870722433460076,
    "hits@100": 0.3612167300380228
  },
  "final_loss": 0.009097212925553322,
  "training_time_seconds": 4.41,
  "bucket_sizes": {
    "easy": 1408,
    "medium": 1408,
    "hard": 1408
  }
}