{
  "config": {
    "dataset": "cora",
    "model": "gcn",
    "heuristic": "cn",
    "hidden_channels": 128,
    "out_channels": 64,
    "num_layers": 2,
    "heads": 4,
    "dropout": 0.5,
    "decoder": "inner_product",
    "lr": 0.01,
    "epochs": 300,
    "eval_every": 10,
    "neg_ratio": 1,
    "seed": 9,
    "data_root": "data",
    "save_dir": "results/ablation",
    "checkpoint_dir": "checkpoints",
    "log_dir": "logs",
    "precomputed_dir": "data/precomputed",
    "adaptive": false,
    "fixed_phase_epochs": 75,
    "competence_window": 5,
    "curriculum_preset": "static_easy_hard",
    "experiment_condition": "abl-3",
    "heart": true,
    "heart_heuristic": [],
    "num_neg_per_pos": 100,
    "no_tensorboard": false
  },
  "condition": "abl-3",
  "standard": {
    "auc": 0.8961469634067744,
    "ap": 0.9004960952338142,
    "mrr": 0.2151161181266534,
    "hits@10": 0.018975332068311195,
    "hits@50": 0.09487666034155598,
    "hits@100": 0.1859582542694497
  },
  "heart": {
    "heart_mrr": 0.36642199067078524,
    "heart_hits@10": 0.681214421252372,
    "heart_hits@50": 0.9468690702087287,
    "heart_hits@100": 0.9981024667931688
  },
  "phase_history": [
    {
      "epoch": 0,
      "phase_name": "static_easy_hard"
    }
  ],
  "phase_summary": {
    "current_phase": 0,
    "phase_name": "static_easy_hard",
    "phase_history": [
      {
        "epoch": 0,
        "phase_name": "static_easy_hard"
      }
    ],
    "competence": 0.8183666093192038,
    "adaptive": false
  },
  "last_val_metrics": {
    "auc": 0.8181410747589238,
    "ap": 0.8303408933919261,
    "mrr": 0.1728885670962793,
    "hits@10": 0.03802281368821293,
    "hits@50": 0.18631178707224336,
    "hits@100": 0.34980988593155893
  },
  "final_loss": 0.012036283500492573,
  "training_time_seconds": 5.31,
  "bucket_sizes": {
    "easy": 1408,
    "medium": 1408,
    "hard": 1408
  }
}