{
  "config": {
    "dataset": "cora",
    "model": "gcn",
    "heuristic": "cn",
    "hidden_channels": 128,
    "out_channels": 64,
    "num_layers": 2,
    "heads": 4,
    "dropout": 0.5,
    "decoder": "inner_product",
    "lr": 0.01,
    "epochs": 300,
    "eval_every": 10,
    "neg_ratio": 1,
    "seed": 3,
    "data_root": "data",
    "save_dir": "results/ablation",
    "checkpoint_dir": "checkpoints",
    "log_dir": "logs",
    "precomputed_dir": "data/precomputed",
    "adaptive": false,
    "fixed_phase_epochs": 75,
    "competence_window": 5,
    "curriculum_preset": "static_easy_hard",
    "experiment_condition": "abl-3",
    "heart": true,
    "heart_heuristic": [],
    "num_neg_per_pos": 100,
    "no_tensorboard": false
  },
  "condition": "abl-3",
  "standard": {
    "auc": 0.868713746133821,
    "ap": 0.872552954125522,
    "mrr": 0.1770731663057345,
    "hits@10": 0.018975332068311195,
    "hits@50": 0.09487666034155598,
    "hits@100": 0.1840607210626186
  },
  "heart": {
    "heart_mrr": 0.33585022877075527,
    "heart_hits@10": 0.6242884250474383,
    "heart_hits@50": 0.9411764705882353,
    "heart_hits@100": 1.0
  },
  "phase_history": [
    {
      "epoch": 0,
      "phase_name": "static_easy_hard"
    }
  ],
  "phase_summary": {
    "current_phase": 0,
    "phase_name": "static_easy_hard",
    "phase_history": [
      {
        "epoch": 0,
        "phase_name": "static_easy_hard"
      }
    ],
    "competence": 0.8298168254564906,
    "adaptive": false
  },
  "last_val_metrics": {
    "auc": 0.832800821177117,
    "ap": 0.8293316595972359,
    "mrr": 0.13212279856308182,
    "hits@10": 0.03802281368821293,
    "hits@50": 0.17490494296577946,
    "hits@100": 0.33460076045627374
  },
  "final_loss": 0.01826743222773075,
  "training_time_seconds": 4.45,
  "bucket_sizes": {
    "easy": 1408,
    "medium": 1408,
    "hard": 1408
  }
}