{
  "config": {
    "dataset": "cora",
    "model": "gcn",
    "heuristic": "cn",
    "hidden_channels": 128,
    "out_channels": 64,
    "num_layers": 2,
    "heads": 4,
    "dropout": 0.5,
    "decoder": "inner_product",
    "lr": 0.01,
    "epochs": 300,
    "eval_every": 10,
    "neg_ratio": 1,
    "seed": 2,
    "data_root": "data",
    "save_dir": "results/ablation",
    "checkpoint_dir": "checkpoints",
    "log_dir": "logs",
    "precomputed_dir": "data/precomputed",
    "adaptive": false,
    "fixed_phase_epochs": 75,
    "competence_window": 5,
    "curriculum_preset": "hard_from_start",
    "experiment_condition": "abl-2",
    "heart": true,
    "heart_heuristic": [],
    "num_neg_per_pos": 100,
    "no_tensorboard": false
  },
  "condition": "abl-2",
  "standard": {
    "auc": 0.8769303889763043,
    "ap": 0.8767117683176637,
    "mrr": 0.15535775581617886,
    "hits@10": 0.018975332068311195,
    "hits@50": 0.09297912713472485,
    "hits@100": 0.18216318785578747
  },
  "heart": {
    "heart_mrr": 0.3251769582707723,
    "heart_hits@10": 0.6337760910815939,
    "heart_hits@50": 0.9449715370018975,
    "heart_hits@100": 1.0
  },
  "phase_history": [
    {
      "epoch": 0,
      "phase_name": "hard_focus"
    }
  ],
  "phase_summary": {
    "current_phase": 0,
    "phase_name": "hard_focus",
    "phase_history": [
      {
        "epoch": 0,
        "phase_name": "hard_focus"
      }
    ],
    "competence": 0.8241495467622778,
    "adaptive": false
  },
  "last_val_metrics": {
    "auc": 0.8249504835981436,
    "ap": 0.8220710371703903,
    "mrr": 0.13740250203329635,
    "hits@10": 0.03802281368821293,
    "hits@50": 0.17110266159695817,
    "hits@100": 0.3269961977186312
  },
  "final_loss": 0.017125597223639488,
  "training_time_seconds": 4.92,
  "bucket_sizes": {
    "easy": 1408,
    "medium": 1408,
    "hard": 1408
  }
}