{
  "config": {
    "dataset": "cora",
    "model": "gcn",
    "heuristic": "cn",
    "hidden_channels": 128,
    "out_channels": 64,
    "num_layers": 2,
    "heads": 4,
    "dropout": 0.5,
    "decoder": "inner_product",
    "lr": 0.01,
    "epochs": 300,
    "eval_every": 10,
    "neg_ratio": 1,
    "seed": 0,
    "data_root": "data",
    "save_dir": "results/ablation",
    "checkpoint_dir": "checkpoints",
    "log_dir": "logs",
    "precomputed_dir": "data/precomputed",
    "adaptive": false,
    "fixed_phase_epochs": 75,
    "competence_window": 5,
    "curriculum_preset": "hard_from_start",
    "experiment_condition": "abl-2",
    "heart": true,
    "heart_heuristic": [],
    "num_neg_per_pos": 100,
    "no_tensorboard": false
  },
  "condition": "abl-2",
  "standard": {
    "auc": 0.8533642507624338,
    "ap": 0.8585281091084367,
    "mrr": 0.1892871414906358,
    "hits@10": 0.018975332068311195,
    "hits@50": 0.09487666034155598,
    "hits@100": 0.1840607210626186
  },
  "heart": {
    "heart_mrr": 0.3258209954309022,
    "heart_hits@10": 0.6318785578747628,
    "heart_hits@50": 0.9278937381404174,
    "heart_hits@100": 1.0
  },
  "phase_history": [
    {
      "epoch": 0,
      "phase_name": "hard_focus"
    }
  ],
  "phase_summary": {
    "current_phase": 0,
    "phase_name": "hard_focus",
    "phase_history": [
      {
        "epoch": 0,
        "phase_name": "hard_focus"
      }
    ],
    "competence": 0.8170191848949674,
    "adaptive": false
  },
  "last_val_metrics": {
    "auc": 0.8159580158741633,
    "ap": 0.830752341725834,
    "mrr": 0.17667029378331633,
    "hits@10": 0.03802281368821293,
    "hits@50": 0.17870722433460076,
    "hits@100": 0.34980988593155893
  },
  "final_loss": 0.010449440218508244,
  "training_time_seconds": 5.12,
  "bucket_sizes": {
    "easy": 1408,
    "medium": 1408,
    "hard": 1408
  }
}