{
  "config": {
    "dataset": "cora",
    "model": "gcn",
    "hidden_channels": 128,
    "out_channels": 64,
    "num_layers": 2,
    "heads": 4,
    "dropout": 0.5,
    "decoder": "inner_product",
    "lr": 0.01,
    "epochs": 300,
    "eval_every": 10,
    "neg_ratio": 1,
    "seed": 7,
    "data_root": "data",
    "save_dir": "results/ablation",
    "checkpoint_dir": "checkpoints",
    "log_dir": "logs",
    "heart": true,
    "heart_heuristic": [],
    "num_neg_per_pos": 100,
    "precomputed_dir": "data/precomputed",
    "experiment_condition": "abl-1",
    "no_tensorboard": false
  },
  "condition": "abl-1",
  "standard": {
    "auc": 0.9459077013923646,
    "ap": 0.9494148800096218,
    "mrr": 0.35327842751323313,
    "hits@10": 0.018975332068311195,
    "hits@50": 0.09487666034155598,
    "hits@100": 0.18975332068311196
  },
  "heart": {
    "heart_mrr": 0.5155238726806656,
    "heart_hits@10": 0.8273244781783681,
    "heart_hits@50": 0.9829222011385199,
    "heart_hits@100": 0.9981024667931688
  },
  "training_time_seconds": 6.83
}