{
  "config": {
    "dataset": "cora",
    "model": "gcn",
    "heuristic": "cn",
    "hidden_channels": 128,
    "out_channels": 64,
    "num_layers": 2,
    "heads": 4,
    "dropout": 0.5,
    "decoder": "inner_product",
    "lr": 0.01,
    "epochs": 300,
    "eval_every": 10,
    "neg_ratio": 1,
    "seed": 5,
    "data_root": "data",
    "save_dir": "results/ablation",
    "checkpoint_dir": "checkpoints",
    "log_dir": "logs",
    "precomputed_dir": "data/precomputed",
    "adaptive": false,
    "fixed_phase_epochs": 75,
    "competence_window": 5,
    "curriculum_preset": "hard_from_start",
    "experiment_condition": "abl-2",
    "heart": true,
    "heart_heuristic": [],
    "num_neg_per_pos": 100,
    "no_tensorboard": false
  },
  "condition": "abl-2",
  "standard": {
    "auc": 0.8798180960576678,
    "ap": 0.8832452512847557,
    "mrr": 0.16476201785396938,
    "hits@10": 0.018975332068311195,
    "hits@50": 0.09108159392789374,
    "hits@100": 0.1859582542694497
  },
  "heart": {
    "heart_mrr": 0.35238026633811054,
    "heart_hits@10": 0.6413662239089184,
    "heart_hits@50": 0.952561669829222,
    "heart_hits@100": 1.0
  },
  "phase_history": [
    {
      "epoch": 0,
      "phase_name": "hard_focus"
    }
  ],
  "phase_summary": {
    "current_phase": 0,
    "phase_name": "hard_focus",
    "phase_history": [
      {
        "epoch": 0,
        "phase_name": "hard_focus"
      }
    ],
    "competence": 0.809388598938831,
    "adaptive": false
  },
  "last_val_metrics": {
    "auc": 0.8086136853214592,
    "ap": 0.8242914436278106,
    "mrr": 0.15440790223087691,
    "hits@10": 0.03802281368821293,
    "hits@50": 0.18250950570342206,
    "hits@100": 0.33460076045627374
  },
  "final_loss": 0.016304707154631615,
  "training_time_seconds": 4.7,
  "bucket_sizes": {
    "easy": 1408,
    "medium": 1408,
    "hard": 1408
  }
}