{
  "config": {
    "dataset": "cora",
    "model": "gcn",
    "heuristic": "cn",
    "hidden_channels": 128,
    "out_channels": 64,
    "num_layers": 2,
    "heads": 4,
    "dropout": 0.5,
    "decoder": "inner_product",
    "lr": 0.01,
    "epochs": 300,
    "eval_every": 10,
    "neg_ratio": 1,
    "seed": 7,
    "data_root": "data",
    "save_dir": "results/ablation",
    "checkpoint_dir": "checkpoints",
    "log_dir": "logs",
    "precomputed_dir": "data/precomputed",
    "adaptive": false,
    "fixed_phase_epochs": 75,
    "competence_window": 5,
    "curriculum_preset": "static_easy_hard",
    "experiment_condition": "abl-3",
    "heart": true,
    "heart_heuristic": [],
    "num_neg_per_pos": 100,
    "no_tensorboard": false
  },
  "condition": "abl-3",
  "standard": {
    "auc": 0.91962668644614,
    "ap": 0.9135144397462042,
    "mrr": 0.1896218303345996,
    "hits@10": 0.018975332068311195,
    "hits@50": 0.09297912713472485,
    "hits@100": 0.1859582542694497
  },
  "heart": {
    "heart_mrr": 0.39630082095743246,
    "heart_hits@10": 0.7248576850094877,
    "heart_hits@50": 0.9886148007590133,
    "heart_hits@100": 1.0
  },
  "phase_history": [
    {
      "epoch": 0,
      "phase_name": "static_easy_hard"
    }
  ],
  "phase_summary": {
    "current_phase": 0,
    "phase_name": "static_easy_hard",
    "phase_history": [
      {
        "epoch": 0,
        "phase_name": "static_easy_hard"
      }
    ],
    "competence": 0.8184475704434068,
    "adaptive": false
  },
  "last_val_metrics": {
    "auc": 0.8158278997816941,
    "ap": 0.8275284852085287,
    "mrr": 0.19096695426777877,
    "hits@10": 0.03802281368821293,
    "hits@50": 0.17870722433460076,
    "hits@100": 0.34220532319391633
  },
  "final_loss": 0.010602066293358803,
  "training_time_seconds": 4.44,
  "bucket_sizes": {
    "easy": 1408,
    "medium": 1408,
    "hard": 1408
  }
}