{
  "config": {
    "dataset": "cora",
    "model": "gcn",
    "heuristic": "cn",
    "hidden_channels": 128,
    "out_channels": 64,
    "num_layers": 2,
    "heads": 4,
    "dropout": 0.5,
    "decoder": "inner_product",
    "lr": 0.01,
    "epochs": 300,
    "eval_every": 10,
    "neg_ratio": 1,
    "seed": 0,
    "data_root": "data",
    "save_dir": "results/ablation",
    "checkpoint_dir": "checkpoints",
    "log_dir": "logs",
    "precomputed_dir": "data/precomputed",
    "adaptive": false,
    "fixed_phase_epochs": 75,
    "competence_window": 5,
    "curriculum_preset": "static_easy_hard",
    "experiment_condition": "abl-3",
    "heart": true,
    "heart_heuristic": [],
    "num_neg_per_pos": 100,
    "no_tensorboard": false
  },
  "condition": "abl-3",
  "standard": {
    "auc": 0.861706915734403,
    "ap": 0.8588627107807669,
    "mrr": 0.12144137854690652,
    "hits@10": 0.018975332068311195,
    "hits@50": 0.09108159392789374,
    "hits@100": 0.17647058823529413
  },
  "heart": {
    "heart_mrr": 0.3526597895148133,
    "heart_hits@10": 0.6394686907020873,
    "heart_hits@50": 0.9430740037950665,
    "heart_hits@100": 0.9981024667931688
  },
  "phase_history": [
    {
      "epoch": 0,
      "phase_name": "static_easy_hard"
    }
  ],
  "phase_summary": {
    "current_phase": 0,
    "phase_name": "static_easy_hard",
    "phase_history": [
      {
        "epoch": 0,
        "phase_name": "static_easy_hard"
      }
    ],
    "competence": 0.8174818198904135,
    "adaptive": false
  },
  "last_val_metrics": {
    "auc": 0.8164640229004323,
    "ap": 0.8135046177230241,
    "mrr": 0.12226133291490031,
    "hits@10": 0.03802281368821293,
    "hits@50": 0.17110266159695817,
    "hits@100": 0.33840304182509506
  },
  "final_loss": 0.013428108766674995,
  "training_time_seconds": 4.96,
  "bucket_sizes": {
    "easy": 1408,
    "medium": 1408,
    "hard": 1408
  }
}