{
  "config": {
    "dataset": "cora",
    "model": "gcn",
    "heuristic": "cn",
    "hidden_channels": 128,
    "out_channels": 64,
    "num_layers": 2,
    "heads": 4,
    "dropout": 0.5,
    "decoder": "inner_product",
    "lr": 0.01,
    "epochs": 300,
    "eval_every": 10,
    "neg_ratio": 1,
    "seed": 5,
    "data_root": "data",
    "save_dir": "results/ablation",
    "checkpoint_dir": "checkpoints",
    "log_dir": "logs",
    "precomputed_dir": "data/precomputed",
    "adaptive": false,
    "fixed_phase_epochs": 75,
    "competence_window": 5,
    "curriculum_preset": "static_easy_hard",
    "experiment_condition": "abl-3",
    "heart": true,
    "heart_heuristic": [],
    "num_neg_per_pos": 100,
    "no_tensorboard": false
  },
  "condition": "abl-3",
  "standard": {
    "auc": 0.880523819982789,
    "ap": 0.8785949022461638,
    "mrr": 0.14079176801779583,
    "hits@10": 0.018975332068311195,
    "hits@50": 0.09108159392789374,
    "hits@100": 0.18026565464895636
  },
  "heart": {
    "heart_mrr": 0.35737140523312,
    "heart_hits@10": 0.6394686907020873,
    "heart_hits@50": 0.9563567362428842,
    "heart_hits@100": 1.0
  },
  "phase_history": [
    {
      "epoch": 0,
      "phase_name": "static_easy_hard"
    }
  ],
  "phase_summary": {
    "current_phase": 0,
    "phase_name": "static_easy_hard",
    "phase_history": [
      {
        "epoch": 0,
        "phase_name": "static_easy_hard"
      }
    ],
    "competence": 0.8358946927091615,
    "adaptive": false
  },
  "last_val_metrics": {
    "auc": 0.8345935317844699,
    "ap": 0.8324667124340577,
    "mrr": 0.14358372581047837,
    "hits@10": 0.03802281368821293,
    "hits@50": 0.17110266159695817,
    "hits@100": 0.33840304182509506
  },
  "final_loss": 0.01939455233514309,
  "training_time_seconds": 4.44,
  "bucket_sizes": {
    "easy": 1408,
    "medium": 1408,
    "hard": 1408
  }
}