{
  "config": {
    "dataset": "cora",
    "model": "gcn",
    "heuristic": "cn",
    "hidden_channels": 128,
    "out_channels": 64,
    "num_layers": 2,
    "heads": 4,
    "dropout": 0.5,
    "decoder": "inner_product",
    "lr": 0.01,
    "epochs": 300,
    "eval_every": 10,
    "neg_ratio": 1,
    "seed": 4,
    "data_root": "data",
    "save_dir": "results/ablation",
    "checkpoint_dir": "checkpoints",
    "log_dir": "logs",
    "precomputed_dir": "data/precomputed",
    "adaptive": false,
    "fixed_phase_epochs": 75,
    "competence_window": 5,
    "curriculum_preset": "static_easy_hard",
    "experiment_condition": "abl-3",
    "heart": true,
    "heart_heuristic": [],
    "num_neg_per_pos": 100,
    "no_tensorboard": false
  },
  "condition": "abl-3",
  "standard": {
    "auc": 0.8885676324762627,
    "ap": 0.8923406289190521,
    "mrr": 0.18545567013004213,
    "hits@10": 0.018975332068311195,
    "hits@50": 0.09297912713472485,
    "hits@100": 0.1859582542694497
  },
  "heart": {
    "heart_mrr": 0.3937168514651912,
    "heart_hits@10": 0.698292220113852,
    "heart_hits@50": 0.9639468690702088,
    "heart_hits@100": 1.0
  },
  "phase_history": [
    {
      "epoch": 0,
      "phase_name": "static_easy_hard"
    }
  ],
  "phase_summary": {
    "current_phase": 0,
    "phase_name": "static_easy_hard",
    "phase_history": [
      {
        "epoch": 0,
        "phase_name": "static_easy_hard"
      }
    ],
    "competence": 0.7952348595469069,
    "adaptive": false
  },
  "last_val_metrics": {
    "auc": 0.8034090416226922,
    "ap": 0.820152384143694,
    "mrr": 0.1596048938966735,
    "hits@10": 0.03802281368821293,
    "hits@50": 0.17870722433460076,
    "hits@100": 0.34600760456273766
  },
  "final_loss": 0.009242666885256767,
  "training_time_seconds": 4.39,
  "bucket_sizes": {
    "easy": 1408,
    "medium": 1408,
    "hard": 1408
  }
}