{
  "config": {
    "dataset": "cora",
    "model": "gcn",
    "heuristic": "cn",
    "hidden_channels": 128,
    "out_channels": 64,
    "num_layers": 2,
    "heads": 4,
    "dropout": 0.5,
    "decoder": "inner_product",
    "lr": 0.01,
    "epochs": 300,
    "eval_every": 10,
    "neg_ratio": 1,
    "seed": 1,
    "data_root": "data",
    "save_dir": "results/ablation",
    "checkpoint_dir": "checkpoints",
    "log_dir": "logs",
    "precomputed_dir": "data/precomputed",
    "adaptive": false,
    "fixed_phase_epochs": 75,
    "competence_window": 5,
    "curriculum_preset": "hard_from_start",
    "experiment_condition": "abl-2",
    "heart": true,
    "heart_heuristic": [],
    "num_neg_per_pos": 100,
    "no_tensorboard": false
  },
  "condition": "abl-2",
  "standard": {
    "auc": 0.8909188453492434,
    "ap": 0.8950498571634904,
    "mrr": 0.19024039653820357,
    "hits@10": 0.018975332068311195,
    "hits@50": 0.09487666034155598,
    "hits@100": 0.1859582542694497
  },
  "heart": {
    "heart_mrr": 0.35859183413153417,
    "heart_hits@10": 0.6736242884250474,
    "heart_hits@50": 0.9468690702087287,
    "heart_hits@100": 1.0
  },
  "phase_history": [
    {
      "epoch": 0,
      "phase_name": "hard_focus"
    }
  ],
  "phase_summary": {
    "current_phase": 0,
    "phase_name": "hard_focus",
    "phase_history": [
      {
        "epoch": 0,
        "phase_name": "hard_focus"
      }
    ],
    "competence": 0.7705070190403216,
    "adaptive": false
  },
  "last_val_metrics": {
    "auc": 0.7691451372724776,
    "ap": 0.7861995531311748,
    "mrr": 0.19857340764586812,
    "hits@10": 0.03802281368821293,
    "hits@50": 0.18250950570342206,
    "hits@100": 0.311787072243346
  },
  "final_loss": 0.018868694081902504,
  "training_time_seconds": 5.02,
  "bucket_sizes": {
    "easy": 1408,
    "medium": 1408,
    "hard": 1408
  }
}