{
  "config": {
    "dataset": "citeseer",
    "model": "gat",
    "hidden_channels": 128,
    "out_channels": 64,
    "num_layers": 2,
    "heads": 4,
    "dropout": 0.5,
    "decoder": "inner_product",
    "lr": 0.01,
    "epochs": 300,
    "eval_every": 10,
    "neg_ratio": 1,
    "seed": 0,
    "data_root": "data",
    "save_dir": "results/baseline",
    "checkpoint_dir": "checkpoints",
    "log_dir": "logs",
    "heart": true,
    "heart_heuristic": [],
    "num_neg_per_pos": 100,
    "precomputed_dir": "data/precomputed",
    "experiment_condition": "baseline",
    "no_tensorboard": false
  },
  "condition": "baseline",
  "standard": {
    "auc": 0.901678541238981,
    "ap": 0.9267554066661723,
    "mrr": 0.48471657795803674,
    "hits@10": 0.02197802197802198,
    "hits@50": 0.10989010989010989,
    "hits@100": 0.21978021978021978
  },
  "heart": {
    "heart_mrr": 0.5773102825288093,
    "heart_hits@10": 0.7956043956043956,
    "heart_hits@50": 0.9098901098901099,
    "heart_hits@100": 0.9978021978021978
  },
  "training_time_seconds": 65.14
}