{
  "config": {
    "dataset": "citeseer",
    "model": "gcn",
    "hidden_channels": 128,
    "out_channels": 64,
    "num_layers": 2,
    "heads": 4,
    "dropout": 0.5,
    "decoder": "inner_product",
    "lr": 0.01,
    "epochs": 300,
    "eval_every": 10,
    "neg_ratio": 1,
    "seed": 9,
    "data_root": "data",
    "save_dir": "results/baseline",
    "checkpoint_dir": "checkpoints",
    "log_dir": "logs",
    "heart": true,
    "heart_heuristic": [],
    "num_neg_per_pos": 100,
    "precomputed_dir": "data/precomputed",
    "experiment_condition": "baseline",
    "no_tensorboard": false
  },
  "condition": "baseline",
  "standard": {
    "auc": 0.9068953024996981,
    "ap": 0.9183248427741258,
    "mrr": 0.3410712605325178,
    "hits@10": 0.02197802197802198,
    "hits@50": 0.10989010989010989,
    "hits@100": 0.2175824175824176
  },
  "heart": {
    "heart_mrr": 0.5189959334595352,
    "heart_hits@10": 0.7362637362637363,
    "heart_hits@50": 0.9538461538461539,
    "heart_hits@100": 0.9978021978021978
  },
  "training_time_seconds": 22.73
}