{
  "config": {
    "dataset": "cora",
    "model": "gat",
    "hidden_channels": 128,
    "out_channels": 64,
    "num_layers": 2,
    "heads": 4,
    "dropout": 0.5,
    "decoder": "inner_product",
    "lr": 0.01,
    "epochs": 300,
    "eval_every": 10,
    "neg_ratio": 1,
    "seed": 0,
    "data_root": "data",
    "save_dir": "results/baseline",
    "checkpoint_dir": "checkpoints",
    "log_dir": "logs",
    "heart": true,
    "heart_heuristic": [],
    "num_neg_per_pos": 100,
    "precomputed_dir": "data/precomputed",
    "experiment_condition": "baseline",
    "no_tensorboard": false
  },
  "condition": "baseline",
  "standard": {
    "auc": 0.9100706083988347,
    "ap": 0.9248175048082037,
    "mrr": 0.2903551233137629,
    "hits@10": 0.018975332068311195,
    "hits@50": 0.09297912713472485,
    "hits@100": 0.18785578747628084
  },
  "heart": {
    "heart_mrr": 0.5116006476942265,
    "heart_hits@10": 0.7855787476280834,
    "heart_hits@50": 0.9506641366223909,
    "heart_hits@100": 0.9962049335863378
  },
  "training_time_seconds": 19.68
}