{
  "config": {
    "dataset": "pubmed",
    "model": "gat",
    "hidden_channels": 128,
    "out_channels": 64,
    "num_layers": 2,
    "heads": 4,
    "dropout": 0.5,
    "decoder": "inner_product",
    "lr": 0.01,
    "epochs": 300,
    "eval_every": 10,
    "neg_ratio": 1,
    "seed": 9,
    "data_root": "data",
    "save_dir": "results/baseline",
    "checkpoint_dir": "checkpoints",
    "log_dir": "logs",
    "heart": true,
    "heart_heuristic": [],
    "num_neg_per_pos": 100,
    "precomputed_dir": "data/precomputed",
    "experiment_condition": "baseline",
    "no_tensorboard": false
  },
  "condition": "baseline",
  "standard": {
    "auc": 0.952840822081612,
    "ap": 0.9493633254829639,
    "mrr": 0.08516612784877081,
    "hits@10": 0.002256317689530686,
    "hits@50": 0.01128158844765343,
    "hits@100": 0.02256317689530686
  },
  "heart": {
    "heart_mrr": 0.4744018643649657,
    "heart_hits@10": 0.8729693140794224,
    "heart_hits@50": 0.9887184115523465,
    "heart_hits@100": 0.9995487364620939
  },
  "training_time_seconds": 226.24
}