{
  "config": {
    "dataset": "pubmed",
    "model": "gat",
    "hidden_channels": 128,
    "out_channels": 64,
    "num_layers": 2,
    "heads": 4,
    "dropout": 0.5,
    "decoder": "inner_product",
    "lr": 0.01,
    "epochs": 300,
    "eval_every": 10,
    "neg_ratio": 1,
    "seed": 3,
    "data_root": "data",
    "save_dir": "results/baseline",
    "checkpoint_dir": "checkpoints",
    "log_dir": "logs",
    "heart": true,
    "heart_heuristic": [],
    "num_neg_per_pos": 100,
    "precomputed_dir": "data/precomputed",
    "experiment_condition": "baseline",
    "no_tensorboard": false
  },
  "condition": "baseline",
  "standard": {
    "auc": 0.9536498789571088,
    "ap": 0.950567056233522,
    "mrr": 0.059782222607023906,
    "hits@10": 0.002256317689530686,
    "hits@50": 0.01128158844765343,
    "hits@100": 0.02211191335740072
  },
  "heart": {
    "heart_mrr": 0.470328642065275,
    "heart_hits@10": 0.8754512635379061,
    "heart_hits@50": 0.9848826714801444,
    "heart_hits@100": 0.9995487364620939
  },
  "training_time_seconds": 250.34
}