{
  "config": {
    "dataset": "pubmed",
    "model": "gcn",
    "hidden_channels": 128,
    "out_channels": 64,
    "num_layers": 2,
    "heads": 4,
    "dropout": 0.5,
    "decoder": "inner_product",
    "lr": 0.01,
    "epochs": 300,
    "eval_every": 10,
    "neg_ratio": 1,
    "seed": 0,
    "data_root": "data",
    "save_dir": "results/baseline",
    "checkpoint_dir": "checkpoints",
    "log_dir": "logs",
    "heart": true,
    "heart_heuristic": [],
    "num_neg_per_pos": 100,
    "precomputed_dir": "data/precomputed",
    "experiment_condition": "baseline",
    "no_tensorboard": false
  },
  "condition": "baseline",
  "standard": {
    "auc": 0.9705945091653743,
    "ap": 0.9722646682862127,
    "mrr": 0.17413780375295895,
    "hits@10": 0.002256317689530686,
    "hits@50": 0.01128158844765343,
    "hits@100": 0.02256317689530686
  },
  "heart": {
    "heart_mrr": 0.5289998824333083,
    "heart_hits@10": 0.9199007220216606,
    "heart_hits@50": 0.990072202166065,
    "heart_hits@100": 0.9997743682310469
  },
  "training_time_seconds": 85.16
}